time,reconstructed_mean_beta,oracle_mean_beta,mean_beta_equilibrium,mean_stimulus,reconstructed_mean_strain_energy,oracle_mean_strain_energy,reconstructed_mean_sigma_xx,oracle_mean_sigma_xx,reconstructed_orientation_coherence,oracle_orientation_coherence,reconstructed_mean_orientation_angle_deg,oracle_mean_orientation_angle_deg,reconstructed_mean_target_alignment,oracle_mean_target_alignment
0.000000000000000000e+00,7.035409940329602207e-01,7.071276064338312128e-01,1.000000000000000194e-01,0.000000000000000000e+00,6.683145332902218095e-33,6.314529076374708092e-33,6.798408531206098788e-17,6.420380963469990505e-17,8.342360493392320109e-01,8.395222633287158231e-01,4.208922788098885093e+01,4.212002702481124317e+01,4.576915590127151323e-01,4.578724469780967032e-01
1.000000000000000056e-01,6.945554392617699913e-01,6.980886539605962726e-01,1.000104529845924073e-01,6.774824635078048130e-04,2.379833515900701578e-06,2.379159970481467795e-06,5.901607294121704109e-03,5.897857979941275967e-03,8.342360493392320109e-01,8.395222633287158231e-01,4.208922788098885093e+01,4.212002702481124317e+01,5.370617961672997653e-01,5.367564959725430462e-01
2.000000000000000111e-01,6.857038175973790839e-01,6.891844295823740252e-01,1.001666105996832229e-01,2.704989919856781548e-03,3.793114853079960477e-05,3.792053331073566385e-05,2.358610287586377155e-02,2.357130717112458640e-02,8.342360893950881984e-01,8.395223011559947990e-01,4.208921547000378638e+01,4.212001458824322242e+01,5.370463476778483125e-01,5.367410907074438020e-01
3.000000000000000444e-01,6.769863042949433307e-01,6.804150967184872112e-01,1.008377183585280196e-01,6.067753767542428435e-03,1.908396405433672558e-04,1.907868086718157892e-04,5.301940768535109288e-02,5.298659641733036163e-02,8.342367267972394806e-01,8.395229030387688640e-01,4.208901764785464650e+01,4.211981635829184967e+01,5.370232694815980645e-01,5.367181030311819478e-01
4.000000000000000222e-01,6.684085693499118852e-01,6.717863137047656030e-01,1.026198120648387502e-01,1.074132937008730887e-02,5.980138437831651870e-04,5.978500116475744287e-04,9.416100654641122725e-02,9.410357173035520384e-02,8.342399229873513899e-01,8.395259206446702427e-01,4.208802298716825874e+01,4.211881964677083090e+01,5.370016255169243191e-01,5.366966588414808781e-01
5.000000000000000000e-01,6.599850721595436065e-01,6.633125284524369336e-01,1.062995909269183331e-01,1.669184724275200177e-02,1.444184300500210702e-03,1.443792636218234294e-03,1.469614673830273999e-01,1.468731872543448114e-01,8.342498810504134221e-01,8.395353201934393494e-01,4.208491243546497884e+01,4.211570267906579090e+01,5.370008573631386284e-01,5.366963319734131543e-01
6.000000000000000888e-01,6.517417692740450352e-01,6.550196861966814943e-01,1.127922187564034534e-01,2.387635811319789580e-02,2.955341061631458401e-03,2.954547417976557087e-03,2.113598164977528449e-01,2.112348387782210790e-01,8.342737110767042275e-01,8.395578069410655209e-01,4.207743360838892244e+01,4.210820841482158272e+01,5.370540313761817952e-01,5.367504128494997584e-01
7.000000000000000666e-01,6.437178558150361551e-01,6.469469709125521550e-01,1.230476531429453013e-01,3.224326553603600043e-02,5.390761174432334019e-03,5.389327286636207137e-03,2.872808294641440163e-01,2.871137914755473308e-01,8.343218132385561425e-01,8.396031801821145502e-01,4.206225085532694408e+01,4.209299428767751294e+01,5.372099505025610400e-01,5.369080336301402800e-01
8.000000000000000444e-01,6.359660863907684591e-01,6.391471262276841037e-01,1.379274710009917027e-01,4.173283831527574428e-02,9.033930389595478186e-03,9.031549857547562302e-03,3.746328901478908624e-01,3.744189564903638301e-01,8.344078480052843361e-01,8.396842947127650669e-01,4.203491086446592817e+01,4.206559770973844081e+01,5.375335733979378361e-01,5.372345883349670670e-01
9.000000000000000222e-01,6.285512574048385259e-01,6.316849377285367328e-01,1.580661765533945828e-01,5.227779381338769349e-02,1.418269968165845191e-02,1.417899716461643034e-02,4.733061125452257545e-01,4.730412281463859392e-01,8.345481711516177237e-01,8.398165128575970639e-01,4.198996202903805397e+01,4.202055564335187654e+01,5.381042271456376591e-01,5.378099301856502645e-01
1.000000000000000000e+00,6.215466471052640829e-01,6.246336730070387588e-01,1.837437822019955813e-01,6.380394232324232417e-02,2.113903389464658056e-02,2.113356794087578594e-02,5.831716548431683522e-01,5.828520901029828893e-01,8.347606705617393041e-01,8.400165881738159701e-01,4.192124880845040735e+01,4.195169952949314762e+01,5.390113594152676768e-01,5.387240896733115347e-01
1.100000000000000089e+00,6.150286116106320478e-01,6.180696776843340734e-01,2.148031024204976047e-01,7.623088205772056425e-02,3.019870694701096495e-02,3.019097567557928186e-02,7.040794444260419782e-01,7.037033304442036341e-01,8.350630607584969001e-01,8.403010358839246852e-01,4.182236815103534155e+01,4.185261263580994040e+01,5.403480622049247062e-01,5.400707467289185271e-01
1.200000000000000178e+00,6.090700300574144466e-01,6.120658205557401033e-01,2.506391869317735610e-01,8.947273396662062950e-02,4.164126833940588052e-02,4.163072289790373942e-02,8.358603016182952761e-01,8.354252998129221286e-01,8.354708468343736705e-01,8.406841940179555772e-01,4.168723107811533879e+01,4.171719283544071999e+01,5.422031973298674368e-01,5.419392931691616733e-01
1.300000000000000044e+00,6.037336900168346343e-01,6.066848790052847828e-01,2.902689611264726022e-01,1.034389055065454976e-01,5.572058743737685199e-02,5.570664499743652881e-02,9.783256406525151494e-01,9.778278978871484117e-01,8.359953042883490060e-01,8.411763076137800388e-01,4.151063530927680034e+01,4.154022652415561367e+01,5.446534334079460304e-01,5.444068054760772268e-01
1.400000000000000133e+00,5.990668082008052675e-01,6.019740597093525825e-01,3.324641648938179705e-01,1.180348726441802082e-01,7.265622009503394652e-02,7.263827521199991977e-02,1.131262680239967899e+00,1.130699640559000407e+00,8.366418664155427232e-01,8.417820101113601128e-01,4.128874268974783490e+01,4.131786721731413081e+01,5.477566283413389803e-01,5.475313740126588335e-01
1.500000000000000000e+00,5.950976119452677793e-01,5.979615801177666778e-01,3.759122155904115470e-01,1.331629697395128320e-01,9.262578338515543852e-02,9.260323660188513051e-02,1.294439316256348116e+00,1.293810695497109142e+00,8.374092302209851235e-01,8.424994969704687753e-01,4.101937677914801128e+01,4.104793398105463353e+01,5.515476677966639762e-01,5.513479093897931671e-01
1.600000000000000089e+00,5.918343665262100206e-01,5.946556957675818156e-01,4.193660251936775496e-01,1.487231775037961001e-01,1.157585342503276993e-01,1.157308248289015823e-01,1.467610182894480975e+00,1.466914981482836167e+00,8.382893115838967457e-01,8.433205124829185051e-01,4.070210337577636039e+01,4.072999234115148681e+01,5.560372250779725967e-01,5.558668965418428476e-01
1.700000000000000178e+00,5.892666474438916779e-01,5.920459725651182614e-01,4.617544532216548148e-01,1.646138999280062631e-01,1.421302699276965620e-01,1.420969033458014952e-01,1.650516441116560040e+00,1.649751260393228502e+00,8.392679760826696755e-01,8.442310748706443047e-01,4.033810995649655951e+01,4.036523362406443738e+01,5.612132114754144752e-01,5.610758645408998602e-01
1.800000000000000044e+00,5.873682381949649756e-01,5.901061845559240071e-01,5.022423040956528473e-01,1.807327219029689347e-01,1.717596175740499498e-01,1.717201836724864816e-01,1.842895183409552162e+00,1.842055326568381890e+00,8.403263213641034568e-01,8.452127218267732056e-01,3.992993907462270897e+01,3.995620784504933454e+01,5.670441901189692269e-01,5.669428390462254441e-01
1.900000000000000133e+00,5.861008781467487161e-01,5.887980617969222896e-01,5.402440483176181862e-01,1.969771401757028639e-01,2.046057340354375254e-01,2.045599345281576553e-01,2.044493820971235110e+00,2.043566484706166086e+00,8.414422288456560040e-01,8.462440050845942974e-01,3.948114603368344433e+01,3.950648059603852147e+01,5.734838406216680173e-01,5.734208560124343101e-01
2.000000000000000000e+00,5.854181588946404391e-01,5.880751867117286480e-01,5.754040993591694741e-01,2.132452612831467476e-01,2.405674528840970605e-01,2.405150830583024923e-01,2.255059857534487566e+00,2.254041318676099692e+00,8.425919281709086661e-01,8.473019891268027681e-01,3.899594501478851072e+01,3.902027826369392471e+01,5.804756452726985705e-01,5.804526988823285327e-01
2.100000000000000089e+00,5.852690689714579175e-01,5.878865387979289592e-01,6.075583882555917192e-01,2.294364611508825647e-01,2.794836279328017370e-01,2.794246644120373380e-01,2.474381125466049269e+00,2.473268117115075881e+00,8.437513913689804745e-01,8.483635808003419099e-01,3.847888947599462028e+01,3.850216753016508164e+01,5.879572001015157534e-01,5.879752559869907413e-01
2.200000000000000178e+00,5.856009137031666922e-01,5.881794144807740432e-01,6.366895487678834176e-01,2.454520021183053957e-01,3.211348504861446518e-01,3.210694649251157329e-01,2.702286549908271329e+00,2.701078565632125894e+00,8.448974577130322627e-01,8.494065974322987378e-01,3.793461163588616358e+01,3.795679406418202717e+01,5.958638168804522017e-01,5.959231602508265890e-01
2.300000000000000266e+00,5.863615243876072469e-01,5.889016362899041068e-01,6.628839619826445428e-01,2.611956042308646309e-01,3.652461598677688714e-01,3.651746868998393958e-01,2.938679428922809311e+00,2.937354004361180326e+00,8.460086605125402004e-01,8.504105480012965623e-01,3.736762841975764360e+01,3.738868783316419808e+01,6.041313001847088415e-01,6.042315937940758719e-01
2.400000000000000355e+00,5.875007950602431084e-01,5.900030896231234223e-01,6.862950455414235096e-01,2.765739687027267135e-01,4.114904675932882783e-01,4.114133273602237906e-01,3.183496219060661936e+00,3.182024149335138663e+00,8.470657742040791360e-01,8.513571464526152877e-01,3.678220972432442437e+01,3.680213090772893736e+01,6.126979297194995455e-01,6.128382879190111820e-01
2.500000000000000000e+00,5.889716498282770996e-01,5.914366900785743564e-01,7.071143176377930883e-01,2.914972524780710117e-01,4.594924147964773442e-01,4.594100259536360586e-01,3.436719144015995209e+00,3.435060499760473895e+00,8.480521250928489962e-01,8.522305995594765538e-01,3.618229892336960063e+01,3.620107767064905602e+01,6.215057565534755080e-01,6.216848284652295442e-01
2.600000000000000089e+00,5.907305650020804322e-01,5.931589055842504399e-01,7.255500222686281919e-01,3.058794937854499296e-01,5.088322134338717495e-01,5.087450081523371415e-01,3.698296922999299685e+00,3.696433946829013717e+00,8.489537175164314498e-01,8.530177193099199862e-01,3.557147369638254020e+01,3.558911548738440445e+01,6.305013504963604687e-01,6.307174055742209573e-01
2.700000000000000178e+00,5.927377652245471307e-01,5.951299525254654110e-01,7.418122427857823942e-01,3.196389894679104171e-01,5.590495519205214148e-01,5.589577686000556378e-01,3.968196920170549813e+00,3.966055780811345688e+00,8.497592253246311067e-01,8.537079076793169241e-01,3.495293587963926996e+01,3.496945450714769521e+01,6.396361339134492008e-01,6.398871449933487554e-01
2.800000000000000266e+00,5.949571950501205686e-01,5.973137673220221266e-01,7.561031527621598913e-01,3.326986256645290685e-01,6.096465529172528930e-01,6.095502627101395676e-01,4.246128232469446040e+00,4.243683898510126618e+00,8.504598914945493693e-01,8.542930546935039171e-01,3.432952082332861465e+01,3.434493704809226955e+01,6.488664200163815066e-01,6.491501405932444957e-01
2.900000000000000355e+00,5.973563458012598471e-01,5.996778332828474056e-01,7.686110993803751956e-01,3.449861641022387015e-01,6.600899738547216788e-01,6.599893472053242061e-01,4.531556163869318254e+00,4.528787248097130735e+00,8.510493698757440884e-01,8.547673821563328556e-01,3.370371885065473094e+01,3.371805913634361929e+01,6.581532511186417578e-01,6.584672849173309750e-01
3.000000000000000000e+00,5.999059969158083705e-01,6.021929219515593790e-01,7.795074073190155772e-01,3.564344868193041194e-01,7.098134460575187266e-01,7.097087168289268888e-01,4.823493246407596580e+00,4.820373067233150621e+00,8.515235344799658712e-01,8.551272571783589127e-01,3.307770339774652513e+01,3.309099875663984136e+01,6.674621101163186188e-01,6.678039720352375586e-01
3.100000000000000089e+00,6.025799135612663893e-01,6.048327907189618990e-01,7.889450246928655375e-01,3.669818025763765812e-01,7.582192422696349965e-01,7.581105532029523975e-01,5.120315767242037630e+00,5.116798431069297770e+00,8.518802743444807701e-01,8.553709925824614091e-01,3.245336206947914803e+01,3.246564703383844375e+01,6.767625591521015949e-01,6.771297273818512874e-01
3.200000000000000178e+00,6.053545285916756002e-01,6.075738647781804280e-01,7.970583527727498341e-01,3.765718185146373909e-01,8.046800913845032488e-01,8.045676768096189369e-01,5.419440464471128038e+00,5.415552015698088972e+00,8.521192861095572280e-01,8.554986456486943780e-01,3.183232813129705008e+01,3.184363985415346576e+01,6.860278438466388407e-01,6.864178034530160621e-01
3.300000000000000266e+00,6.082086267044072292e-01,6.103949212797262769e-01,8.039637856956936002e-01,3.851538807939290932e-01,8.485426581653643385e-01,8.484273597023883617e-01,5.717290481892873366e+00,5.713081067250347367e+00,8.522418720094235844e-01,8.555118224365565460e-01,3.121601090217729535e+01,3.122638838380010640e+01,6.952344895085343923e-01,6.956447680725978966e-01
3.400000000000000355e+00,6.111230413344816981e-01,6.132767862241178536e-01,8.097606304070317229e-01,3.926830879913424943e-01,8.891344872468031069e-01,8.890179512448126431e-01,6.009120817226312639e+00,6.004678353719798523e+00,8.522507477737487624e-01,8.554134918838058876e-01,3.060562417956180070e+01,3.061510761129483882e+01,7.043619068402772188e-01,7.047901029163951003e-01
3.500000000000000000e+00,6.140803697576957543e-01,6.162020495633354633e-01,8.145321841695701837e-01,3.991203809699586658e-01,9.257755775677708465e-01,9.256598841893836083e-01,6.289130163954983033e+00,6.284472224459670464e+00,8.521498627199874942e-01,8.552078117820638425e-01,3.000221227810514080e+01,3.001084249277399607e+01,7.133920182204288585e-01,7.138358234459416529e-01
3.600000000000000089e+00,6.170647084773355218e-01,6.191548005858857895e-01,8.183468236795728989e-01,4.044326127481672195e-01,9.577946669452521711e-01,9.576818724575733022e-01,6.550418650257312514e+00,6.545588421058282869e+00,8.519442328447422996e-01,8.548999673394741539e-01,2.940667355778944270e+01,2.941449157485456567e+01,7.223089110819267411e-01,7.227661267803906497e-01
3.700000000000000178e+00,6.200614087652895901e-01,6.221203834562927248e-01,8.212590130503358843e-01,4.085926016238173863e-01,9.845502148299593026e-01,9.844426117778223295e-01,6.785347242665630496e+00,6.780464143202974192e+00,8.516397867904602625e-01,8.544960221643033149e-01,2.881978149958776569e+01,2.882682815315345692e+01,7.310985217369077027e-01,7.315670708239876419e-01
3.800000000000000266e+00,6.230568508496046043e-01,6.250851714010520199e-01,8.233101737592419811e-01,4.115791704471473689e-01,1.005456885298524172e+00,1.005357327248229460e+00,6.986169050016607152e+00,6.981349861481628061e+00,8.512432240108994685e-01,8.540027809865620156e-01,2.824220349354525794e+01,2.824851913186818564e+01,7.397483508382910466e-01,7.402262857820441910e-01
3.900000000000000355e+00,6.260382344157706669e-01,6.280363572083439427e-01,8.245293830371900334e-01,4.133771745052287616e-01,1.020015733741784780e+00,1.019926886658135912e+00,7.145620937046704313e+00,7.140912950394453951e+00,8.507618841632279549e-01,8.534276631615634878e-01,2.767451756049782929e+01,2.768014180651414691e+01,7.482472102287588411e-01,7.487327177459982552e-01
4.000000000000000000e+00,6.289933826247037230e-01,6.309617572444607969e-01,8.249338819103279041e-01,4.139775199920175952e-01,1.027842652286994118e+00,1.027766712344964084e+00,7.257359203840440642e+00,7.252882838318591041e+00,8.502036266279071608e-01,8.527785858856624657e-01,2.711722725273257950e+01,2.712219881616354655e+01,7.565849999955642780e-01,7.570764030911709686e-01
4.100000000000000533e+00,6.319105566122740214e-01,6.338496259518083820e-01,8.249338819103279041e-01,4.139775199920175952e-01,1.032251287273325602e+00,1.032189811619043995e+00,7.344504865116677550e+00,7.340354486907160414e+00,8.495767190372764954e-01,8.520638560409444784e-01,2.657077498310897568e+01,2.657513151579685839e+01,7.647306870949553970e-01,7.652263782603707654e-01
4.200000000000000178e+00,6.347842995373291775e-01,6.366944998954227053e-01,8.249338819103279041e-01,4.139775199920175952e-01,1.036741555893022193e+00,1.036695946478215502e+00,7.433494847089524349e+00,7.429776126647944956e+00,8.488876442348223250e-01,8.512899265741267207e-01,2.603525245652119580e+01,2.603903004237811558e+01,7.726585595876797052e-01,7.731569991625308891e-01
4.299999999999999822e+00,6.376152580041508644e-01,6.394970191839427498e-01,8.249338819103279041e-01,4.139775199920175952e-01,1.041311005370457288e+00,1.041283119508397581e+00,7.524321516278909883e+00,7.521079079458981020e+00,8.481407500006359346e-01,8.504610572201216634e-01,2.551043645319792930e+01,2.551366924174471151e+01,7.803700646944696784e-01,7.808698428254670088e-01
4.400000000000000355e+00,6.404040689903371941e-01,6.422578143960318009e-01,8.249338819103279041e-01,4.139775199920175952e-01,1.045956948802643893e+00,1.045948373466432324e+00,7.616863967997304918e+00,7.614068712861073784e+00,8.473401797311471695e-01,8.495813046029887516e-01,2.499610842331464156e+01,2.499882873700289210e+01,7.878670538737734264e-01,7.883668832851871144e-01
4.500000000000000000e+00,6.431513599901256262e-01,6.449775067222595082e-01,8.249338819103279041e-01,4.139775199920175952e-01,1.050675575962693564e+00,1.050687142953340869e+00,7.710988876275079562e+00,7.708576819077254783e+00,8.464898797615790782e-01,8.486545296838691188e-01,2.449205439052590805e+01,2.449429282553473897e+01,7.951517410076369696e-01,7.956504499328796998e-01
4.600000000000000533e+00,6.458577491555812511e-01,6.476567081048736352e-01,8.249338819103279041e-01,4.139775199920175952e-01,1.055462542581251162e+00,1.055494509056495778e+00,7.806612923276905924e+00,7.804552999932971247e+00,8.455936065835016890e-01,8.476844050855126822e-01,2.399806485708432646e+01,2.399985037803921983e+01,8.022266632069388059e-01,8.027231885088267349e-01
4.700000000000000178e+00,6.485238454356838655e-01,6.502960213754873653e-01,8.249338819103279041e-01,4.139775199920175952e-01,1.060313247545716875e+00,1.060365548594716545e+00,7.903670118742141426e+00,7.901942953573831474e+00,8.446549339413601531e-01,8.466744222789650554e-01,2.351393471056012885e+01,2.351529473958684591e+01,8.090946441613787732e-01,8.095880246631236288e-01
4.800000000000000711e+00,6.511502487133443706e-01,6.528960403907221322e-01,8.249338819103279041e-01,4.139775199920175952e-01,1.065222958553331933e+00,1.065295334883369804e+00,8.002083541758873153e+00,8.000688305222441343e+00,8.436772597943286156e-01,8.456278986203379366e-01,2.303946313217075215e+01,2.304042363266535531e+01,8.157587599505907727e-01,8.162481299947247360e-01
4.900000000000000355e+00,6.537375499403800250e-01,6.554573501658247370e-01,8.249338819103279041e-01,4.139775199920175952e-01,1.070186787336811607e+00,1.070278939018454833e+00,8.101783773608296713e+00,8.100726676275314730e+00,8.426638131320793867e-01,8.445479842276967242e-01,2.257445350672627526e+01,2.257503906219330148e+01,8.222223072258346699e-01,8.227068904739881505e-01
5.000000000000000000e+00,6.562863312704826368e-01,6.579805270063003864e-01,8.249338819103279041e-01,4.139775199920175952e-01,1.075199827244033957e+00,1.075311431845650034e+00,8.202705342139326561e+00,8.201991784919929529e+00,8.416176606350690426e-01,8.434376686900120212e-01,2.211871333419258789e+01,2.211894722247700429e+01,8.284887736666056712e-01,8.289678771493335097e-01
5.100000000000000533e+00,6.587971661902043419e-01,6.604661386375828558e-01,8.249338819103279041e-01,4.139775199920175952e-01,1.080257172432314672e+00,1.080387886693694899e+00,8.304779012428063822e+00,8.304413576547705844e+00,8.405417131717394241e-01,8.422997876018069041e-01,2.167205414287140997e+01,2.167195840608551194e+01,8.345618106129735203e-01,8.350348190355840750e-01
5.200000000000000178e+00,6.612706196479944953e-01,6.629147443327754186e-01,8.249338819103279041e-01,4.139775199920175952e-01,1.085353921608130712e+00,1.085503382913054926e+00,8.407931940172019836e+00,8.407918382373146926e+00,8.394387321266491009e-01,8.411370289186533844e-01,2.123429140419332128e+01,2.123388691461758171e+01,8.404452077722956993e-01,8.409115780798337436e-01
5.300000000000000711e+00,6.637072481813157676e-01,6.653268950384898517e-01,8.249338819103279041e-01,4.139775199920175952e-01,1.090485182547036525e+00,1.090653010229915454e+00,8.512087852708550173e+00,8.512429104749738684e+00,8.383113355549834944e-01,8.399519391300148685e-01,2.080524444911726434e+01,2.080455097133361519e+01,8.461428698979529539e-01,8.466021261000984399e-01
5.400000000000000355e+00,6.661076000418681975e-01,6.677031334988109412e-01,8.249338819103279041e-01,4.139775199920175952e-01,1.095646077385049821e+00,1.095831873900497078e+00,8.617167256047828516e+00,8.617865427697713798e+00,8.371620041601746109e-01,8.387469292471269044e-01,2.038473638612810745e+01,2.038377263562549402e+01,8.516587953377380282e-01,8.521105235923365218e-01
5.500000000000000000e+00,6.684722153189468496e-01,6.700439943774172402e-01,8.249338819103279041e-01,4.139775199920175952e-01,1.100831748650547448e+00,1.101035100630289643e+00,8.723087666267947071e+00,8.724144051129890443e+00,8.359930870924923152e-01,8.375242806046576671e-01,1.997259402082150004e+01,1.997137771929610039e+01,8.569970563503670480e-01,8.574409003025931231e-01
5.600000000000000533e+00,6.708016260609647174e-01,6.723500043778820601e-01,8.249338819103279041e-01,4.139775199920175952e-01,1.106037365987581289e+00,1.106257845206026103e+00,8.829763863538230950e+00,8.831178947184833206e+00,8.348068075674726085e-01,8.362861504758233311e-01,1.956864777706351077e+01,1.956719570462052360e+01,8.621617810900927825e-01,8.625974374628135877e-01
5.700000000000000178e+00,6.730963563951662953e-01,6.746216823621837833e-01,8.249338819103279041e-01,4.139775199920175952e-01,1.111258133506855650e+00,1.111495297774453883e+00,8.937108166922541841e+00,8.938881636959010279e+00,8.336052683039223421e-01,8.350345775014388350e-01,1.917273161971126427e+01,1.917105966416011498e+01,8.671571371615002244e-01,8.675843515912273762e-01
5.800000000000000711e+00,6.753569226455574670e-01,6.768595394674531418e-01,8.249338819103279041e-01,4.139775199920175952e-01,1.116489297688718629e+00,1.116742691690682632e+00,9.045030727975237994e+00,9.047161485781053614e+00,8.323904567820264999e-01,8.337714869340977497e-01,1.878468297887876659e+01,1.878280618230063936e+01,8.719873166491207694e-01,8.724058797609824945e-01
5.900000000000000355e+00,6.775838334490816850e-01,6.790640792209795551e-01,8.249338819103279041e-01,4.139775199920175952e-01,1.121726155753126619e+00,1.121995311849769417e+00,9.153439840987335430e+00,9.155926015001469409e+00,8.311642503227383294e-01,8.324986956992850295e-01,1.840434267573158422e+01,1.840227527848540490e+01,8.766565225294230546e-01,8.770662662438328816e-01
6.000000000000000000e+00,6.797775898700643138e-01,6.812357976535077242e-01,8.249338819103279041e-01,4.139775199920175952e-01,1.126964064404276655e+00,1.127248503408081692e+00,9.262242267578990607e+00,9.265081228091684551e+00,8.299284209902327847e-01,8.312179172757563350e-01,1.803155484979221157e+01,1.802931033211411815e+01,8.811689563759568244e-01,8.815697504390636041e-01
6.100000000000000533e+00,6.819386855129553338e-01,6.833751834108474643e-01,8.249338819103279041e-01,4.139775199920175952e-01,1.132198448852353989e+00,1.132497680795663042e+00,9.371343573175815678e+00,9.374531948667181425e+00,8.286846403196949096e-01,8.299307663979705874e-01,1.766616688773768828e+01,1.766375800907820803e+01,8.855288072718400239e-01,8.859205560014168368e-01
6.200000000000000178e+00,6.840676066333912786e-01,6.854827178638195351e-01,8.249338819103279041e-01,4.139775199920175952e-01,1.137424812011410324e+00,1.137738336917297310e+00,9.480648472760297096e+00,9.484182167881826331e+00,8.274344838731519935e-01,8.286387635837423327e-01,1.730802935366954287e+01,1.730546818990327651e+01,8.897402418473620012e-01,8.901228810854776574e-01
6.300000000000000711e+00,6.861648322476059381e-01,6.875588752165673334e-01,8.249338819103279041e-01,4.139775199920175952e-01,1.142638743770750587e+00,1.142966052438143754e+00,9.590061183163847147e+00,9.593935398493266931e+00,8.261794356264191563e-01,8.273433394906059002e-01,1.695699592083594354e+01,1.695429389946923138e+01,8.938073953641388902e-01,8.941808896277708696e-01
6.400000000000000355e+00,6.882308342402100321e-01,6.896041226132537671e-01,8.249338819103279041e-01,4.139775199920175952e-01,1.147835930237215862e+00,1.148176505049652185e+00,9.699485779067279267e+00,9.703695032781226359e+00,8.249208921905322178e-01,8.260458391046432425e-01,1.661292330478493895e+01,1.661009123827898293e+01,8.977343637709822577e-01,8.980987035916291328e-01
6.500000000000000000e+00,6.902660774703682778e-01,6.916189202431715088e-01,8.249338819103279041e-01,4.139775199920175952e-01,1.153012162847376398e+00,1.153365478612940809e+00,9.808826549813895568e+00,9.813364701418288760e+00,8.236601668712995039e-01,8.247475257657487235e-01,1.627567119792736960e+01,1.627271931524632720e+01,9.015251966603706757e-01,9.018803961037118455e-01
6.600000000000000533e+00,6.922710198763931677e-01,6.936037214442875021e-01,8.249338819103279041e-01,4.139775199920175952e-01,1.158163347251778053e+00,1.158528872079818361e+00,9.917988354114383398e+00,9.922848630351788657e+00,8.223984935708031907e-01,8.234495850334712097e-01,1.594510220548739987e+01,1.594204018197406292e+01,9.051838910581315734e-01,9.055299854148340932e-01
6.700000000000000178e+00,6.942461125787851017e-01,6.955589728052453680e-01,8.249338819103279041e-01,4.139775199920175952e-01,1.163285511877927281e+00,1.163662708096116605e+00,1.002687696973953457e+01,1.003205199275894266e+01,8.211370305348486553e-01,8.221531283977097093e-01,1.562108178281848403e+01,1.561791876849333605e+01,9.087143859825971282e-01,9.090514296214876611e-01
6.800000000000000711e+00,6.961917999817340830e-01,6.974851142658501368e-01,8.249338819103279041e-01,4.139775199920175952e-01,1.168374816084528423e+00,1.168763141197804112e+00,1.013539943535677246e+01,1.014088125318738420e+01,8.198768639504849798e-01,8.208591968386351745e-01,1.530347817406195787e+01,1.530022282043548820e+01,9.121205577130977460e-01,9.124486220880765330e-01
6.900000000000000355e+00,6.981085198731145081e-01,6.993825792160563992e-01,8.249338819103279041e-01,4.139775199920175952e-01,1.173427557826445922e+00,1.173826465517379125e+00,1.024346438176941732e+01,1.024924450108933627e+01,8.186190113978111249e-01,8.195687642402726958e-01,1.499216235212564463e+01,1.498882283760790202e+01,9.154062157111600984e-01,9.157253875134334642e-01
7.000000000000000000e+00,6.999967035229879286e-01,7.012517945934828578e-01,8.249338819103279041e-01,4.139775199920175952e-01,1.178440180757828859e+00,1.178849121926095700e+00,1.035098234996209143e+01,1.035705177109846709e+01,8.173644251603465749e-01,8.182827406622293909e-01,1.468700795995919961e+01,1.468359201394545188e+01,9.185750991411781863e-01,9.188854785886230170e-01
7.100000000000000533e+00,7.018567757806415397e-01,7.030931809794752629e-01,8.249338819103279041e-01,4.139775199920175952e-01,1.183409280709582845e+00,1.183827704546492221e+00,1.045786609353834962e+01,1.046421534758034788e+01,8.161139953982822215e-01,8.170019754740546203e-01,1.438789125310325367e+01,1.438440617880963934e+01,9.216308739406154915e-01,9.219325731963432524e-01
7.200000000000000178e+00,7.036891551701806025e-01,7.049071526937390475e-01,8.249338819103279041e-01,4.139775199920175952e-01,1.188331611486760142e+00,1.188758966579273046e+00,1.056403086335383712e+01,1.057065005120663947e+01,8.148685531889431344e-01,8.157272603567232716e-01,1.409469104348908886e+01,1.409114373960754385e+01,9.245771303929661844e-01,9.248702721054301579e-01
7.300000000000000711e+00,7.054942539846981164e-01,7.066941178875624230e-01,8.249338819103279041e-01,4.139775199920175952e-01,1.193204089941237056e+00,1.193639825398642662e+00,1.066939467239450323e+01,1.067627350555344101e+01,8.136288734387835397e-01,8.144593321757084281e-01,1.380728864446553317e+01,1.380368562570313351e+01,9.274173811597383743e-01,9.277020971170178987e-01
7.400000000000000355e+00,7.072724783790425018e-01,7.084544786356530288e-01,8.249338819103279041e-01,4.139775199920175952e-01,1.198023800285100471e+00,1.198467366880466844e+00,1.077387853921944938e+01,1.078100638200014139e+01,8.123956776712220051e-01,8.131988757300623316e-01,1.352556781703004063e+01,1.352191523359383929e+01,9.301550597306309509e-01,9.304314896218272013e-01
7.500000000000000000e+00,7.090242284612047197e-01,7.101886310266055657e-01,8.249338819103279041e-01,4.139775199920175952e-01,1.202787997620236249e+00,1.203238848938017691e+00,1.087740670857514047e+01,1.088477262149971914e+01,8.111696366945746473e-01,8.119465263818842482e-01,1.324941471724065067e+01,1.324571837332545421e+01,9.327935192538485687e-01,9.330618095308277349e-01
7.600000000000000533e+00,7.107498983823434813e-01,7.118969652520240610e-01,8.249338819103279041e-01,4.139775199920175952e-01,1.207494110669565135e+00,1.207951704250251224e+00,1.097990684808610240e+01,1.098749963209795233e+01,8.099513731543036554e-01,8.107028725704792382e-01,1.297871784478588175e+01,1.297498321611898575e+01,9.353360317111372169e-01,9.355963345441669077e-01
7.700000000000000178e+00,7.124498764254708627e-01,7.135798656943165286e-01,8.249338819103279041e-01,4.139775199920175952e-01,1.212139743705022532e+00,1.212603542177492999e+00,1.108131022023023959e+01,1.108911846139065105e+01,8.087414639737293687e-01,8.094684582154381136e-01,1.271336799268956241e+01,1.270960024318320691e+01,9.377857874046252595e-01,9.380382597257552746e-01
7.800000000000000711e+00,7.141245450928188632e-01,7.152377110131820093e-01,8.249338819103279041e-01,4.139775199920175952e-01,1.216722677676569386e+00,1.217192149868839834e+00,1.118155182910850520e+01,1.118956394341862115e+01,8.075404426872860864e-01,8.082437850127967005e-01,1.245325819812785362e+01,1.244946219568723045e+01,9.401458947249263787e-01,9.403906973532701885e-01
7.900000000000000355e+00,7.157742811919025616e-01,7.168708742308114168e-01,8.249338819103279041e-01,4.139775199920175952e-01,1.221240870555122315e+00,1.221715492574432904e+00,1.128057054181323693e+01,1.128877481980299891e+01,8.063488016703239669e-01,8.070293146283268326e-01,1.219828369433585280e+01,1.219446402586764755e+01,9.424193801722027253e-01,9.426566770155729857e-01
8.000000000000000000e+00,7.173994559203038524e-01,7.184797228158189553e-01,8.249338819103279041e-01,4.139775199920175952e-01,1.225692456910238093e+00,1.226171713183864975e+00,1.137830918448186601e+01,1.138669383521411582e+01,8.051669942693678861e-01,8.058254707919310089e-01,1.194834186358136563e+01,1.194450284924524475e+01,9.446091886039977847e-01,9.448391459316453078e-01
8.099999999999999645e+00,7.190004349491934121e-01,7.200646187659230923e-01,8.249338819103279041e-01,4.139775199920175952e-01,1.230075746750497023e+00,1.230559131019317576e+00,1.147471461338828824e+01,1.148326780753991727e+01,8.039954368366595272e-01,8.046326412970040698e-01,1.170333219118371026e+01,1.169947789792665382e+01,9.467181836856365384e-01,9.469409694671274691e-01
8.200000000000001066e+00,7.205775785056066640e-01,7.216259186893991817e-01,8.249338819103279041e-01,4.139775199920175952e-01,1.234389223660862456e+00,1.234876239918451191e+00,1.156973776166952028e+01,1.157844767337161151e+01,8.028345106727121649e-01,8.034511799085304329e-01,1.146315622055550598e+01,1.145929047496674258e+01,9.487491485208653375e-01,9.489649318264096189e-01
8.300000000000000711e+00,7.221312414534971635e-01,7.231639738853170574e-01,8.249338819103279041e-01,4.139775199920175952e-01,1.238631542276705799e+00,1.239121705647614924e+00,1.166333366250693260e+01,1.167218850965127785e+01,8.016845638805022434e-01,8.022814081835690780e-01,1.122771750924593626e+01,1.122384390976787394e+01,9.507047864421552807e-01,9.509137368999651674e-01
8.400000000000000355e+00,7.236617733735830615e-01,7.246791304225841390e-01,8.249338819103279041e-01,4.139775199920175952e-01,1.242801525138707230e+00,1.243294362690540167e+00,1.175546144977764307e+01,1.176444953252658188e+01,8.005459131348334756e-01,8.011236172076848794e-01,1.099692158596383962e+01,1.099304351449262995e+01,9.525877219417343555e-01,9.527900092482565197e-01
8.500000000000000000e+00,7.251695186420032968e-01,7.261717292178136995e-01,8.249338819103279041e-01,4.139775199920175952e-01,1.246898158976480930e+00,1.247393210461351432e+00,1.184608433736059752e+01,1.185519407463001684e+01,7.994188453702941732e-01,7.999780692507642010e-01,1.077067590855973478e+01,1.076679654146700926e+01,9.544005017259581392e-01,9.545962952050668360e-01
8.599999999999999645e+00,7.266548165078040578e-01,7.276421061120313949e-01,8.249338819103279041e-01,4.139775199920175952e-01,1.250920590471497063e+00,1.251417408993489966e+00,1.193516957842313531e+01,1.194438954214332149e+01,7.983036193911315914e-01,7.988449993455531972e-01,1.054888982294576927e+01,1.054501214155146904e+01,9.561455958770609387e-01,9.563350640845396100e-01
8.700000000000001066e+00,7.281180011692715004e-01,7.290905919462415952e-01,8.249338819103279041e-01,4.139775199920175952e-01,1.254868121551793836e+00,1.255366274158045137e+00,1.202268840612721235e+01,1.203200735312223379e+01,7.972004674062627139e-01,7.977246167921463460e-01,1.033147452293311552e+01,1.032760132345764248e+01,9.578253991076697282e-01,9.580087094775395773e-01
8.800000000000000711e+00,7.295594018491270427e-01,7.305175126358680604e-01,8.249338819103279041e-01,4.139775199920175952e-01,1.258740204272040364e+00,1.259239272466036619e+00,1.210861595728039752e+01,1.211802285864282958e+01,7.961095964925321011e-01,7.966171065915395033e-01,1.011834301096665811e+01,1.011447691398894833e+01,9.594422320947155747e-01,9.596195506241842477e-01
8.900000000000000355e+00,7.309793428686047756e-01,7.319231892440858367e-01,8.249338819103279041e-01,4.139775199920175952e-01,1.262536435332882290e+00,1.263036015509513721e+00,1.219293118051629676e+01,1.220241524838969127e+01,7.950311899892301692e-01,7.955226308112619549e-01,9.909410059736933007e+00,9.905553519183754929e+00,9.609983428805389805e-01,9.611698338505492156e-01
9.000000000000000000e+00,7.323781437204242017e-01,7.333079380540616921e-01,8.249338819103279041e-01,4.139775199920175952e-01,1.266256550293156202e+00,1.266756254095924517e+00,1.227561673062390390e+01,1.228516744233955293e+01,7.939654088267757981e-01,7.944413298859944739e-01,9.704592174649905090e+00,9.700747486340128845e+00,9.624959083300609342e-01,9.626617340586206550e-01
9.099999999999999645e+00,7.337561191406786198e-01,7.346720706401203005e-01,8.249338819103279041e-01,4.139775199920175952e-01,1.269900417527617620e+00,1.270399872129207353e+00,1.235665885065692748e+01,1.236626597020378604e+01,7.929123927923720228e-01,7.933733238559719236e-01,9.503807557135235839e+00,9.499976866901640449e+00,9.639370356339064250e-01,9.640973562595611668e-01
9.200000000000001066e+00,7.351135791796509222e-01,7.360158939378481646e-01,8.249338819103279041e-01,4.139775199920175952e-01,1.273468031981357163e+00,1.273966880289492343e+00,1.243604724344474732e+01,1.244570084028133117e+01,7.918722617353372017e-01,7.923187135458702457e-01,9.306976068774178046e+00,9.303161380184212348e+00,9.653237638482815575e-01,9.654787371412762997e-01
9.300000000000000711e+00,7.364508292715763460e-01,7.373397103131565933e-01,8.249338819103279041e-01,4.139775199920175952e-01,1.276959508770127982e+00,1.277457409561264967e+00,1.251377493409845165e+01,1.252346539934271874e+01,7.908451167147203531e-01,7.912775816867765322e-01,9.114019196228575481e+00,9.110222377924118931e+00,9.666580654632820346e-01,9.668078466621172762e-01
9.400000000000000355e+00,7.377681703033673877e-01,7.386438176303148362e-01,8.249338819103279041e-01,4.139775199920175952e-01,1.280375076673482049e+00,1.280871704657445598e+00,1.258983812506072475e+01,1.259955618511831688e+01,7.898310410917100954e-01,7.902499939837444032e-01,8.924860016952617769e+00,8.921082809628000376e+00,9.679418479920999241e-01,9.680865896633505940e-01
9.500000000000000000e+00,7.390658986823138710e-01,7.399285093189713614e-01,8.249338819103279041e-01,4.139775199920175952e-01,1.283715071564977661e+00,1.284210117384078975e+00,1.266423604518951151e+01,1.267397277290192648e+01,7.888301015692527063e-01,7.892360001313328821e-01,8.739423165669659710e+00,8.735667188705976471e+00,9.691769555743307007e-01,9.693168074937449363e-01
9.600000000000001421e+00,7.403443064027758203e-01,7.411940744401757097e-01,8.249338819103279041e-01,4.139775199920175952e-01,1.286979929820820878e+00,1.287473099987384018e+00,1.273697079429488888e+01,1.274671761770726519e+01,7.878423491812033275e-01,7.882356347794474694e-01,8.557634801596410767e+00,8.553901559369267105e+00,9.703651705872706756e-01,9.705002796403029430e-01
9.700000000000001066e+00,7.416036811118836836e-01,7.424407977514191348e-01,8.249338819103279041e-01,4.139775199920175952e-01,1.290170181745243116e+00,1.290661198521734665e+00,1.280804718446851709e+01,1.281779589333182834e+01,7.868678202332413107e-01,7.872489184516930916e-01,8.379422576397399069e+00,8.375713464274422648e+00,9.715082152597144249e-01,9.716387253597819074e-01
9.800000000000000711e+00,7.428443061742595610e-01,7.436689597707065724e-01,8.249338819103279041e-01,4.139775199920175952e-01,1.293286445047736155e+00,1.293775046273896834e+00,1.287747257945774315e+01,1.288721532959216631e+01,7.859065371976988734e-01,7.862758584183804356e-01,8.204715602852825640e+00,8.201031912896239007e+00,9.726077532833412587e-01,9.727338053062132284e-01
9.900000000000000355e+00,7.440664607357772020e-01,7.448788368396735970e-01,8.249338819103279041e-01,4.139775199920175952e-01,1.296329418404004175e+00,1.296815357275511893e+00,1.294525673324384485e+01,1.295498604889930583e+01,7.849585095643588639e-01,7.853164495262185962e-01,8.033444424223315394e+00,8.029787350612313190e+00,9.736653914173152291e-01,9.737871231501651348e-01
1.000000000000000000e+01,7.452704197863684321e-01,7.460707011857650173e-01,8.249338819103279041e-01,4.139775199920175952e-01,1.299299875129242832e+00,1.299782919932493730e+00,1.301141162888783498e+01,1.302112040324431774e+01,7.840237346492020531e-01,7.843706749866666827e-01,7.865540984295432914e+00,7.861911628482051384e+00,9.746826810822034615e-01,9.748002271859601553e-01
1.010000000000000142e+01,7.464564542218989907e-01,7.472448209834869903e-01,8.249338819103279041e-01,4.139775199920175952e-01,1.302198656989111303e+00,1.302678590796704450e+00,1.307595131860973936e+01,1.308563281256395783e+01,7.831021983630013228e-01,7.834385071248161081e-01,7.700938598092094800e+00,7.697337973703884728e+00,9.756611199397763334e-01,9.757746119235102267e-01
1.020000000000000107e+01,7.476248309051207741e-01,7.484014604147471994e-01,8.249338819103279041e-01,4.139775199920175952e-01,1.305026668170599091e+00,1.305503288502061876e+00,1.313889176596913977e+01,1.314853960535609190e+01,7.821938759415796305e-01,7.825199080906108939e-01,7.539571923232438522e+00,7.536000960734255294e+00,9.766021534556494910e-01,9.767117196618317898e-01
1.030000000000000071e+01,7.487758127257161389e-01,7.495408797282973046e-01,8.249338819103279041e-01,4.139775199920175952e-01,1.307784869431924735e+00,1.308257987884108964e+00,1.320025069091822800e+01,1.320985886231606621e+01,7.812987326394781329e-01,7.816148305341318325e-01,7.381376931925947460e+00,7.377836483052792715e+00,9.775071764421210396e-01,9.776129420416744820e-01
1.040000000000000036e+01,7.499096586594506952e-01,7.506633352982897689e-01,8.249338819103279041e-01,4.139775199920175952e-01,1.310474272447653243e+00,1.310943714299094509e+00,1.326004741840389478e+01,1.326961026366862484e+01,7.804167243887035754e-01,7.807232182465980719e-01,7.226290883586123925e+00,7.222781725558200527e+00,9.783775345788839894e-01,9.784796215750346526e-01
1.050000000000000000e+01,7.510266238264430294e-01,7.517690796819632704e-01,8.249338819103279041e-01,4.139775199920175952e-01,1.313095934362426220e+00,1.313561538155790576e+00,1.331830273110412222e+01,1.332781494077745066e+01,7.795477984241615532e-01,7.798450067686703013e-01,7.074252298049046317e+00,7.070775137579725644e+00,9.792145259096212140e-01,9.793130531496342384e-01
1.060000000000000142e+01,7.521269595485680082e-01,7.528583616764691344e-01,8.249338819103279041e-01,4.139775199920175952e-01,1.315650952564061837e+00,1.316112569670598864e+00,1.337503872679659267e+01,1.338449533252555845e+01,7.786918938773008669e-01,7.789801239675726574e-01,6.925200929382817172e+00,6.921756406489595115e+00,9.800194023127680731e-01,9.801144855067225325e-01
1.070000000000000107e+01,7.532109134060049893e-01,7.539314263748515543e-01,8.249338819103279041e-01,4.139775199920175952e-01,1.318140459684319588e+00,1.318597953854025784e+00,1.343027868077445142e+01,1.343967504687592474e+01,7.778489423394442381e-01,7.781284905844813027e-01,6.779077740273950603e+00,6.775666431902053866e+00,9.807933709449931925e-01,9.808851226908208432e-01
1.080000000000000071e+01,7.542787292929450382e-01,7.549885152211945893e-01,8.249338819103279041e-01,4.139775199920175952e-01,1.320565618833345889e+00,1.321018865734310710e+00,1.348404691364648578e+01,1.349337872794325044e+01,7.770188683962074849e-01,7.772900207535705652e-01,6.635824876977194364e+00,6.632447300444900939e+00,9.815375956561825932e-01,9.816261254702562944e-01
1.090000000000000036e+01,7.553306474724673647e-01,7.560298660649483748e-01,8.249338819103279041e-01,4.139775199920175952e-01,1.322927619071718075e+00,1.323376505821875604e+00,1.353636866478637479e+01,1.354563192883435718e+01,7.762015901343511937e-01,7.764646224940435770e-01,6.495385644815579340e+00,6.492042261089999933e+00,9.822531983749258622e-01,9.823386127275439694e-01
1.100000000000000000e+01,7.563669046306005228e-01,7.570557132144458690e-01,8.249338819103279041e-01,4.139775199920175952e-01,1.325227671122103379e+00,1.325672095816370577e+00,1.358726997162877659e+01,1.359646099044768874e+01,7.753970196223533007e-01,7.756521981764139539e-01,6.357704484217766350e+00,6.354395701029244670e+00,9.829412604637046691e-01,9.830236628188683268e-01
1.110000000000000142e+01,7.573877339295765898e-01,7.580662874896235692e-01,8.249338819103279041e-01,4.139775199920175952e-01,1.327467003320822236e+00,1.327906874556344929e+00,1.363677755494869892e+01,1.364589292636039808e+01,7.746050633659297135e-01,7.748526449642553215e-01,6.222726947280084353e+00,6.219453122083100638e+00,9.836028240431495817e-01,9.836823149020832435e-01
1.120000000000000107e+01,7.583933650602944221e-01,7.590618162739569685e-01,8.249338819103279041e-01,4.139775199920175952e-01,1.329646857808059801e+00,1.330082094210052412e+00,1.368491871020482975e+01,1.369395531387593934e+01,7.738256227396825837e-01,7.740658552325776487e-01,6.090399674840946354e+00,6.087161117628951068e+00,9.842388932848991079e-01,9.843155702328113543e-01
1.130000000000000071e+01,7.593840242940012031e-01,7.600425235656221856e-01,8.249338819103279041e-01,4.139775199920175952e-01,1.331768486954119979e+00,1.332199016704522565e+00,1.373172120497742554e+01,1.374067619125475126e+01,7.730585943959967787e-01,7.732917169639358379e-01,5.960670374055615284e+00,5.957467350036838027e+00,9.848504356727338926e-01,9.849243934283574697e-01
1.140000000000000036e+01,7.603599345332037185e-01,7.610086300278975369e-01,8.249338819103279041e-01,4.139775199920175952e-01,1.333833150017897706e+00,1.334258910388854913e+00,1.377721318248659443e+01,1.378608396110600331e+01,7.723038706522640240e-01,7.725301141233342772e-01,5.833487796459550623e+00,5.830320528600568153e+00,9.854383832317873404e-01,9.855097136992775342e-01
1.150000000000000000e+01,7.613213153618229034e-01,7.619603530388124879e-01,8.249338819103279041e-01,4.139775199920175952e-01,1.335842110032724461e+00,1.336263046926647435e+00,1.382142307113723589e+01,1.383020729987900843e+01,7.715613398574558968e-01,7.717809270129346588e-01,5.708801716508967061e+00,5.705670387952345379e+00,9.860036337257512828e-01,9.860724260485610460e-01
1.160000000000000142e+01,7.622683830946012096e-01,7.628979067400600833e-01,8.249338819103279041e-01,4.139775199920175952e-01,1.337796630913854035e+00,1.338212698411612056e+00,1.386437950000246921e+01,1.387307507335860102e+01,7.708308867390309960e-01,7.710440326075327366e-01,5.586562910587302255e+00,5.583467666949455399e+00,9.865470518220952334e-01,9.866133924384764553e-01
1.170000000000000107e+01,7.632013508257740053e-01,7.638215020851778503e-01,8.249338819103279041e-01,4.139775199920175952e-01,1.339697974781096868e+00,1.340109134699689175e+00,1.390611122012734135e+01,1.391471625803919032e+01,7.701123927311135375e-01,7.703193048717322799e-01,5.466723136466793420e+00,5.463664088021812582e+00,9.870694702254114716e-01,9.871334429252290876e-01
1.180000000000000071e+01,7.641204284770166666e-01,7.647313468870153841e-01,8.249338819103279041e-01,4.139775199920175952e-01,1.341547399489525283e+00,1.341953620950367965e+00,1.394664703150943552e+01,1.395515986822714893e+01,7.694057362848345516e-01,7.696066150596883038e-01,5.349235113214426462e+00,5.346212336969372814e+00,9.875716907790809129e-01,9.876333767616483073e-01
1.190000000000000036e+01,7.650258228446781272e-01,7.656276458644911687e-01,8.249338819103279041e-01,4.139775199920175952e-01,1.343346156360646582e+00,1.343747415369444198e+00,1.398601571559142265e+01,1.399443488870024055e+01,7.687107931616947720e-01,7.689058319982666756e-01,5.234052501531944124e+00,5.231066043198847382e+00,9.880544855355211098e-01,9.881139634681989081e-01
1.200000000000000000e+01,7.659177376463107700e-01,7.665106006886565071e-01,8.249338819103279041e-01,4.139775199920175952e-01,1.345095488106086812e+00,1.345491767145084561e+00,1.402424597308331933e+01,1.403257021273566885e+01,7.680274367107626787e-01,7.682168223544197927e-01,5.121129884519716846e+00,5.118179760389267585e+00,9.885185977953472314e-01,9.885759438726717807e-01
